Title,question,Answer
Which is Better For Beginners? Cursor AI or Replit Agents For AI Coding with ChatGPT and Claude,Q：この動画の主題は何ですか？,A：Cursor AIとReplitのどちらが、ソフトウェア開発でお金を稼ぎたい人にとってより良いかについてです。[URL: https://www.youtube.com/watch?v=dxXdo0amheg&t=0]
Which is Better For Beginners? Cursor AI or Replit Agents For AI Coding with ChatGPT and Claude,Q：なぜ、この動画はソフトウェア開発を学びたいだけの人向けではないのですか？,A：この動画は、ソフトウェア開発でお金を稼ぎたい人を対象にしています。単にコードを学びたいだけなら、この動画は適していません。[URL: https://www.youtube.com/watch?v=dxXdo0amheg&t=38]
Which is Better For Beginners? Cursor AI or Replit Agents For AI Coding with ChatGPT and Claude,Q：Cursor AIの主な利点は何ですか？,A：Cursor AIの主な利点は、実際のソフトウェア開発環境に近いこと、教育ツールとして優れていること、そして、より困難なデプロイメントプロセスを通じて、より深い理解が得られることです。[URL: https://www.youtube.com/watch?v=dxXdo0amheg&t=68]
Which is Better For Beginners? Cursor AI or Replit Agents For AI Coding with ChatGPT and Claude,Q：Cursor AIが実際の開発環境に近いとはどういう意味ですか？,A：VSSコードを使用し、アプリケーションをデプロイする点で、実際の開発環境に近いということです。[URL: https://www.youtube.com/watch?v=dxXdo0amheg&t=108]
Which is Better For Beginners? Cursor AI or Replit Agents For AI Coding with ChatGPT and Claude,Q：Cursor AIはどのように教育ツールとして優れていますか？,A：コマンドKやコマンドLなどの機能を使って、ファイル生成やリポジトリ全体に対する質問など、さまざまなことを学ぶことができます。[URL: https://www.youtube.com/watch?v=dxXdo0amheg&t=117]
Which is Better For Beginners? Cursor AI or Replit Agents For AI Coding with ChatGPT and Claude,Q：Cursor AIでのデプロイが難しいことはなぜ利点なのですか？,A：クラウド処理のコストやバックエンドの重要性を理解し、実際のソフトウェア開発の洞察を得ることができるからです。[URL: https://www.youtube.com/watch?v=dxXdo0amheg&t=138]
Which is Better For Beginners? Cursor AI or Replit Agents For AI Coding with ChatGPT and Claude,Q：Replitの主な利点は何ですか？,A：Replitの主な利点は、MVP（Minimum Viable Product）を迅速に構築できること、使いやすいこと、そして、AIチャットボットであるReplit Agentが優れていることです。[URL: https://www.youtube.com/watch?v=dxXdo0amheg&t=218]
Which is Better For Beginners? Cursor AI or Replit Agents For AI Coding with ChatGPT and Claude,Q：ReplitがMVPに適しているとはどういう意味ですか？,A：Replitは、最小限の機能を持つ製品を迅速に開発し、テストするのに最適なプラットフォームです。[URL: https://www.youtube.com/watch?v=dxXdo0amheg&t=225]
Which is Better For Beginners? Cursor AI or Replit Agents For AI Coding with ChatGPT and Claude,Q：Replitが使いやすいとはどういう意味ですか？,A：Replitは、コードを書いたことがない人でも、アプリケーションを簡単に構築し、デプロイできるように、プロセスを効率化しています。[URL: https://www.youtube.com/watch?v=dxXdo0amheg&t=258]
Which is Better For Beginners? Cursor AI or Replit Agents For AI Coding with ChatGPT and Claude,Q：Replit Agentとは何ですか？,A：Replit Agentは、コーディング経験がない人でも、アプリケーションを構築し、デプロイできるAIチャットボットです。[URL: https://www.youtube.com/watch?v=dxXdo0amheg&t=294]
Which is Better For Beginners? Cursor AI or Replit Agents For AI Coding with ChatGPT and Claude,Q：フルスタックアプリケーションを構築したい場合、どちらのプラットフォームを使うべきですか？,A：フルスタックアプリケーションを構築したい場合は、どちらのプラットフォームも使用するべきではありません。より困難な方法で学ぶべきです。[URL: https://www.youtube.com/watch?v=dxXdo0amheg&t=325]
Which is Better For Beginners? Cursor AI or Replit Agents For AI Coding with ChatGPT and Claude,Q：なぜ、より困難な方法で学ぶべきなのですか？,A：ソフトウェア開発の基礎を理解し、プラットフォームに依存せずに自分でアプリケーションを構築できるようにするためです。[URL: https://www.youtube.com/watch?v=dxXdo0amheg&t=381]
Which is Better For Beginners? Cursor AI or Replit Agents For AI Coding with ChatGPT and Claude,Q：この動画の結論は何ですか？,A：ソフトウェア開発でお金を稼ぎたいなら、Cursor AIとReplitに頼らず、より困難な方法で学ぶべきです。そうすることで、ソフトウェア開発の基礎を深く理解し、将来的に他のクールなものを作成する能力が向上します。[URL: https://www.youtube.com...
I Built a SaaS in 10 Minutes with AI (Replit Agent),Q：動画作成者はコーディング経験がありますか？,A：動画作成者はコーディング経験が全くありません。[URL: https://www.youtube.com/watch?v=7MUKaLqj2oU&t=0]
I Built a SaaS in 10 Minutes with AI (Replit Agent),Q：動画作成者は何を構築しようとしていますか？,A：動画作成者は、difyエージェントを使用して、完全に機能するSASアプリケーションを構築しようとしています。[URL: https://www.youtube.com/watch?v=7MUKaLqj2oU&t=4]
I Built a SaaS in 10 Minutes with AI (Replit Agent),Q：動画作成者は自身のコーディングスキルをどのように例えていますか？,A：動画作成者は自身のコーディングスキルを、猿にコンピューターを与えてアプリを作成させるようなものだと例えています。[URL: https://www.youtube.com/watch?v=7MUKaLqj2oU&t=14]
I Built a SaaS in 10 Minutes with AI (Replit Agent),Q：動画作成者が構築しようとしているアプリケーションの目的は何ですか？,A：動画作成者が構築しようとしているアプリケーションは、販売できるものです。[URL: https://www.youtube.com/watch?v=7MUKaLqj2oU&t=26]
I Built a SaaS in 10 Minutes with AI (Replit Agent),Q：動画作成者は何分以内にアプリケーションを構築しようとしていますか？,A：動画作成者は10分以内にアプリケーションを構築しようとしています。[URL: https://www.youtube.com/watch?v=7MUKaLqj2oU&t=30]
I Built a SaaS in 10 Minutes with AI (Replit Agent),Q：difyエージェントで構築するアプリケーションは何ですか？,A：difyエージェントで構築するアプリケーションは、Instagram、YouTube、その他のソーシャルチャネルの投稿を1か所にまとめるダッシュボードです。[URL: https://www.youtube.com/watch?v=7MUKaLqj2oU&t=47]
I Built a SaaS in 10 Minutes with AI (Replit Agent),Q：difyエージェントは、アプリケーションの構築プランをどのように提案しましたか？,A：difyエージェントは、バックエンドにFlask、フロントエンドにバニラJavaScriptを使用し、APIからデータを取得して表示するWebアプリケーションを提案しました。[URL: https://www.youtube.com/watch?v=7MUKaLqj2oU&t=75]
I Built a SaaS in 10 Minutes with AI (Replit Agent),Q：difyエージェントは、他にどのような機能を追加することを提案しましたか？,A：difyエージェントは、ユーザー認証を実装して複数のコンテンツクリエイターをサポートするなどの追加機能を提案しました。[URL: https://www.youtube.com/watch?v=7MUKaLqj2oU&t=103]
I Built a SaaS in 10 Minutes with AI (Replit Agent),Q：動画作成者は、最初のプロトタイプをどのように評価しましたか？,A：動画作成者は、最初のプロトタイプを「良い」と評価しました。[URL: https://www.youtube.com/watch?v=7MUKaLqj2oU&t=121]
I Built a SaaS in 10 Minutes with AI (Replit Agent),Q：最初のプロトタイプで問題があったのは何ですか？,A：最初のプロトタイプでは、YouTubeの動画が表示されませんでした。[URL: https://www.youtube.com/watch?v=7MUKaLqj2oU&t=130]
I Built a SaaS in 10 Minutes with AI (Replit Agent),Q：YouTubeの動画が表示されなかった原因は何でしたか？,A：YouTubeの動画が表示されなかった原因は、APIキーが間違っていたことでした。[URL: https://www.youtube.com/watch?v=7MUKaLqj2oU&t=146]
I Built a SaaS in 10 Minutes with AI (Replit Agent),Q：アプリケーションでできることは何ですか？,A：アプリケーションでは、YouTubeの動画とInstagramの投稿をフィード内で確認でき、YouTube動画とInstagram投稿をソートできます。[URL: https://www.youtube.com/watch?v=7MUKaLqj2oU&t=159]
I Built a SaaS in 10 Minutes with AI (Replit Agent),Q：動画作成者は、アプリケーションの見た目をどのように変更しようとしていますか？,A：動画作成者は、アプリケーションの見た目をより良いソフトウェアのようにカスタマイズしようとしています。[URL: https://www.youtube.com/watch?v=7MUKaLqj2oU&t=169]
I Built a SaaS in 10 Minutes with AI (Replit Agent),Q：動画作成者は、どのようなソフトウェアを参考にしましたか？,A：動画作成者は、友人のリアム・アトリーのソフトウェア「agentive」を参考にしました。[URL: https://www.youtube.com/watch?v=7MUKaLqj2oU&t=196]
Replit Agent Is a Game Changer #replit #aicoding #nocode,Q：Repet Agentとは何ですか？,A：Repet Agentは、誰もが話題にしている新しいAIツールで、数分でWebアプリを構築・デプロイできます。[URL: https://www.youtube.com/watch?v=YKOpogFnbUU&t=0]
Replit Agent Is a Game Changer #replit #aicoding #nocode,Q：Repet Agentはどれくらい簡単に使えますか？,A：4歳児でも使えるほど簡単です。[URL: https://www.youtube.com/watch?v=YKOpogFnbUU&t=6]
Replit Agent Is a Game Changer #replit #aicoding #nocode,Q：Repet Agentでどのようなものが作成できますか？,A：三目並べ、Webベースのフライトシミュレーター、GitHubのコントリビューショングラフなどがコードを書かずに作成できます。[URL: https://www.youtube.com/watch?v=YKOpogFnbUU&t=8]
Replit Agent Is a Game Changer #replit #aicoding #nocode,Q：Repet Agentはどのようにモチベーション維持に役立ちますか？,A：Strava APIデータを利用して、ランニングのモチベーションを維持できます。[URL: https://www.youtube.com/watch?v=YKOpogFnbUU&t=16]
Replit Agent Is a Game Changer #replit #aicoding #nocode,Q：Repetの基本的なコンセプトは何ですか？,A：クラウドベースのIDEを提供し、ブラウザ内でコードを記述・共有できるようにすることです。[URL: https://www.youtube.com/watch?v=YKOpogFnbUU&t=22]
Replit Agent Is a Game Changer #replit #aicoding #nocode,Q：Repet Agentの登場で何が不要になりましたか？,A：コードを書く必要がなくなりました。[URL: https://www.youtube.com/watch?v=YKOpogFnbUU&t=32]
Replit Agent Is a Game Changer #replit #aicoding #nocode,Q：Repet Agentを使って、どのようなアプリが作成されましたか？,A：Takeoffの創業者であるMcKay Wrigleyが、StripeクーポンジェネレーターアプリをiPhoneから5分以内に作成・デプロイしました。[URL: https://www.youtube.com/watch?v=YKOpogFnbUU&t=36]
Replit Agent Is a Game Changer #replit #aicoding #nocode,Q：Repet Agentのデプロイの利点は何ですか？,A：AIコーディング支援ツールを使用する際、非技術者にとって大きなハードルであったデプロイが非常に簡単になりました。[URL: https://www.youtube.com/watch?v=YKOpogFnbUU&t=45]
Replit Agent Is a Game Changer #replit #aicoding #nocode,Q：Repet Agentは、コーディング経験がなくても利用できますか？,A：はい、Repet Agentを使えば、コーディング経験がなくても簡単にWebアプリを構築・デプロイできます。[URL: https://www.youtube.com/watch?v=YKOpogFnbUU&t=47]
Replit Agent VS Bolt.new (Build a SaaS with AI in minutes),Q：この動画では何をテストしますか？,A：rep agentとbolt.newという2つのプラットフォームをテストし、10分でソフトウェアを構築します。[URL: https://www.youtube.com/watch?v=gZXnUL90uOw&t=10]
Replit Agent VS Bolt.new (Build a SaaS with AI in minutes),Q：この動画で構築するソフトウェアは何ですか？,A：テキストプロンプトからポッドキャストを生成するソフトウェアを構築します。[URL: https://www.youtube.com/watch?v=gZXnUL90uOw&t=22]
Replit Agent VS Bolt.new (Build a SaaS with AI in minutes),Q：ポッドキャストのスクリプト生成には何を使用しますか？,A：chat PTを使用してスクリプトを生成します。[URL: https://www.youtube.com/watch?v=gZXnUL90uOw&t=30]
Replit Agent VS Bolt.new (Build a SaaS with AI in minutes),Q：スクリプトを音声に変換するには何を使用しますか？,A：11 labsを使用してスクリプトを音声に変換します。[URL: https://www.youtube.com/watch?v=gZXnUL90uOw&t=35]
Replit Agent VS Bolt.new (Build a SaaS with AI in minutes),Q：最初にテストするプラットフォームは何ですか？,A：最初にbolt.newをテストします。[URL: https://www.youtube.com/watch?v=gZXnUL90uOw&t=47]
Replit Agent VS Bolt.new (Build a SaaS with AI in minutes),Q：bolt.newに与えたプロンプトは何ですか？,A：共同ホストのポッドキャストの短いスクリプトを生成するポッドキャストジェネレーターを作成するプロンプトを与えました。[URL: https://www.youtube.com/watch?v=gZXnUL90uOw&t=50]
Replit Agent VS Bolt.new (Build a SaaS with AI in minutes),Q：bolt.newのユーザーインターフェースはどのようなものですか？,A：左側にプロンプトを書き、右側にコードが表示されるインターフェースです。[URL: https://www.youtube.com/watch?v=gZXnUL90uOw&t=78]
Replit Agent VS Bolt.new (Build a SaaS with AI in minutes),Q：bolt.newでエラーが発生した場合、どのように対処しましたか？,A：エラーをコピーしてエージェントに貼り付け、修正させました。[URL: https://www.youtube.com/watch?v=gZXnUL90uOw&t=100]
Replit Agent VS Bolt.new (Build a SaaS with AI in minutes),Q：bolt.newで作成したポッドキャストジェネレーターの基本的なユーザーインターフェースは何ですか？,A：ポッドキャストジェネレーターという名前の基本的なユーザーインターフェースです。[URL: https://www.youtube.com/watch?v=gZXnUL90uOw&t=125]
Replit Agent VS Bolt.new (Build a SaaS with AI in minutes),Q：bolt.newで生成された最初のポッドキャストスクリプトのトピックは何ですか？,A：テストトピックという名前の基本的なポッドキャストスクリプトを生成しました。[URL: https://www.youtube.com/watch?v=gZXnUL90uOw&t=134]
Replit Agent VS Bolt.new (Build a SaaS with AI in minutes),Q：bolt.newでユーザーインターフェースをどのように変更しましたか？,A：ユーザーインターフェースを少し変更して、より良くしました。[URL: https://www.youtube.com/watch?v=gZXnUL90uOw&t=152]
Replit Agent VS Bolt.new (Build a SaaS with AI in minutes),Q：bolt.newで生成された新しいポッドキャストスクリプトのトピックは何ですか？,A：AIの未来についてのポッドキャストスクリプトを生成しました。[URL: https://www.youtube.com/watch?v=gZXnUL90uOw&t=163]
Replit Agent VS Bolt.new (Build a SaaS with AI in minutes),Q：bolt.newでポッドキャストジェネレーターを構築するのにどれくらいの時間がかかりましたか？,A：約3分でポッドキャストジェネレーターを構築しました。[URL: https://www.youtube.com/watch?v=gZXnUL90uOw&t=189]
Replit Agent VS Bolt.new (Build a SaaS with AI in minutes),Q：次にテストするプラットフォームは何ですか？,A：次にrep agentをテストします。[URL: https://www.youtube.com/watch?v=gZXnUL90uOw&t=193]
Replit Agent VS Bolt.new (Build a SaaS with AI in minutes),Q：rep agentのユーザーインターフェースはどのようなものですか？,A：bolt.newと同様に、左側にプロンプトを書き、右側にコードが表示されるインターフェースです。[URL: https://www.youtube.com/watch?v=gZXnUL90uOw&t=78]
Replit Agent VS Bolt.new (Build a SaaS with AI in minutes),Q：rep agentにはどのような機能がありますか？,A：AIが提案する機能があり、プロジェクトマネージャーのように機能します。[URL: https://www.youtube.co...
How To Use Replit Agent For Beginners,Q：Replitエージェントとは何ですか？,A：Replitエージェントは、プロンプトを入力することでフル機能のアプリケーションを作成できる新しいテクノロジーです。[URL: https://www.youtube.com/watch?v=VXrVVUPst0w&t=0]
How To Use Replit Agent For Beginners,Q：Replitエージェントの目的は何ですか？,A：Replitエージェントの目的は、コーディング経験の有無に関わらず、誰もがソフトウェアを簡単に作成できるようにすることです。[URL: https://www.youtube.com/watch?v=VXrVVUPst0w&t=13]
How To Use Replit Agent For Beginners,Q：Replitエージェントを使用するメリットは何ですか？,A：Replitエージェントを使用すると、開発環境の構築、デプロイ、ストレージやデータベースの設定など、ソフトウェア開発に伴う多くの手間を省くことができます。[URL: https://www.youtube.com/watch?v=VXrVVUPst0w&t=28]
How To Use Replit Agent For Beginners,Q：Replitエージェントはどのように使用しますか？,A：Replitエージェントは、テキストや音声で指示を出すことで、コードを生成し、ソフトウェアやウェブサイトを作成することができます。[URL: https://www.youtube.com/watch?v=VXrVVUPst0w&t=49]
How To Use Replit Agent For Beginners,Q：Replitエージェントで何ができますか？,A：Replitエージェントでは、ローカルランドマーク、マップ、株価分析、ウェイトリスト、ウェブサイトなど、さまざまなアプリケーションを作成できます。[URL: https://www.youtube.com/watch?v=VXrVVUPst0w&t=64]
How To Use Replit Agent For Beginners,Q：Replitエージェントの例としてどのようなものがありますか？,A：Replitエージェントの例として、ブック スキャナーやリンクインバイオアプリなどがあります。[URL: https://www.youtube.com/watch?v=VXrVVUPst0w&t=76]
How To Use Replit Agent For Beginners,Q：Replitエージェントはまだ実験段階ですか？,A：はい、Replitエージェントはまだ実験段階であり、エラーが発生する可能性があります。[URL: https://www.youtube.com/watch?v=VXrVVUPst0w&t=96]
How To Use Replit Agent For Beginners,Q：Replitエージェントはどのようにソフトウェアを構築しますか？,A：Replitエージェントは、ステップバイステップでソフトウェアを構築します。まず、必要な機能を確認し、次にコードを生成します。[URL: https://www.youtube.com/watch?v=VXrVVUPst0w&t=118]
How To Use Replit Agent For Beginners,Q：ReplitエージェントのUIはどのように構成されていますか？,A：ReplitエージェントのUIは、左側にファイル構造、中央にウェブビュー、右側にチャットウィンドウがあります。[URL: https://www.youtube.com/watch?v=VXrVVUPst0w&t=170]
How To Use Replit Agent For Beginners,Q：Replitエージェントで作成したアプリケーションはどのようにデプロイできますか？,A：Replitエージェントで作成したアプリケーションは、デプロイボタンをクリックすることでインターネット上に公開できます。[URL: https://www.youtube.com/watch?v=VXrVVUPst0w&t=359]
How To Use Replit Agent For Beginners,Q：Replitエージェントでデプロイする際の注意点はありますか？,A：Replitエージェントでデプロイすると、プレミアム料金が発生する可能性があります。よりコスト効率の良いデプロイ方法については、別の動画を参照してください。[URL: https://www.youtube.com/watch?v=VXrVVUPst0w&t=380]
How To Use Replit Agent For Beginners,Q：Replitエージェントの利用を検討する際の注意点はありますか？,A：Replitエージェントを使用するメリットとデメリットを理解した上で、利用を検討する必要があります。詳細については、別の動画を参照してください。[URL: https://www.youtube.com/watch?v=VXrVVUPst0w&t=405]
Build Anything with Replit Agent,Q：この動画は何についてですか？,A：replit agentを使って、プログラミング未経験者でもアプリを作成し、インターネットに公開する方法についてです。[URL: https://www.youtube.com/watch?v=fNnmWtf9wYo&t=0]
Build Anything with Replit Agent,Q：replit agentとは何ですか？,A：新しいAIエージェントで、プログラミングのやり方を変えるものです。コードを書くだけでなく、環境構築、依存関係のインストール、データベース接続、デプロイまで全てをReplit Agentで行うことができます。[URL: https://www.youtube.com/watch?v=fNnmWtf9wYo&t=1]
Build Anything with Replit Agent,Q：今回のプロジェクトの目的は何ですか？,A：Upworkの実際の案件をreplit agentを使って作成し、AIで数千ドルを稼ぐ現実的な方法を示すことです。[URL: https://www.youtube.com/watch?v=fNnmWtf9wYo&t=27]
Build Anything with Replit Agent,Q：今回のプロジェクトの案件はどのような内容ですか？,A：マーケティングエージェンシー向けのウェブサイト開発で、予算は1000ドルです。[URL: https://www.youtube.com/watch?v=fNnmWtf9wYo&t=47]
Build Anything with Replit Agent,Q：replit agentを使うにはどうすればいいですか？,A：まず、replit.comでアカウントを作成し、replit coreにアップグレードする必要があります。[URL: https://www.youtube.com/watch?v=fNnmWtf9wYo&t=60]
Build Anything with Replit Agent,Q：replit coreにアップグレードすると何ができますか？,A：replit agentへのアクセス、無制限のプロジェクト作成、ストレージ、開発リソース、月10ドルのクレジット、デプロイ機能などが利用できます。[URL: https://www.youtube.com/watch?v=fNnmWtf9wYo&t=80]
Build Anything with Replit Agent,Q：replit agentに指示を出す際の注意点は？,A：Upworkの案件内容は曖昧なことが多いため、OpenAIのモデルを使って具体的な開発計画を作成する必要があります。[URL: https://www.youtube.com/watch?v=fNnmWtf9wYo&t=131]
Build Anything with Replit Agent,Q：OpenAIのモデルを使って開発計画を作成する手順は？,A：New Societyのプロンプトテンプレートを使用し、Upworkの案件内容をGPTに入力して開発計画を作成します。[URL: https://www.youtube.com/watch?v=fNnmWtf9wYo&t=150]
Build Anything with Replit Agent,Q：replit agentに開発計画を指示する際の注意点は？,A：計画はシンプルかつ簡潔にする必要があります。[URL: https://www.youtube.com/watch?v=fNnmWtf9wYo&t=193]
Build Anything with Replit Agent,Q：replit agentはどのようにプロジェクトを構築しますか？,A：まず計画を立て、質問をしながら必要なファイルや依存関係を作成していきます。[URL: https://www.youtube.com/watch?v=fNnmWtf9wYo&t=294]
Build Anything with Replit Agent,Q：replit agentが作成したウェブサイトにはどのような機能がありますか？,A：ブログセクション、ポートフォリオ、ショートケース、ニュースレター機能などがあります。[URL: https://www.youtube.com/watch?v=fNnmWtf9wYo&t=310]
Build Anything with Replit Agent,Q：ウェブサイトのUIが基本的な場合はどうすればいいですか？,A：replit agentにUIの改善を指示できます。[URL: https://www.youtube.com/watch?v=fNnmWtf9wYo&t=530]
Build Anything with Replit Agent,Q：AIチャットボット機能は実装されましたか？,A：最初は実装されましたが、後で削除しました。[URL: https://www.youtube.com/watch?v=fNnmWtf9wYo&t=409]
Build Anything with Replit Agent,Q：将来、人間はどのような役割を果たすのでしょうか？,A：AIエージェントに対するフィードバックや改善指示を行うマネージャーやCEOの役割を担います。[URL: https://www.youtube.com/watch?v=fNnmWtf9wYo&t=548]
Build Anything with Replit Agent,Q：AIスキルを学ぶ上で重要なことは？,A：AIツールを使いこなし、AIの知識を深めることが重要です。[URL: https://www.youtube....
Clone ANY Website with AI - 💥 V0 vs Replit Agent - Who's better? 💥,Q：この動画では何をするのですか？,A：3つの異なるウェブサイトのデザインを、2つの異なるAIソリューションを使ってクローンします。[URL: https://www.youtube.com/watch?v=-DYen-QEn-k&t=0]
Clone ANY Website with AI - 💥 V0 vs Replit Agent - Who's better? 💥,Q：使用するAIソリューションは何ですか？,A：retとv0の2つを使用します。[URL: https://www.youtube.com/watch?v=-DYen-QEn-k&t=4]
Clone ANY Website with AI - 💥 V0 vs Replit Agent - Who's better? 💥,Q：AIは何をすると主張していますか？,A：AIは、あらゆるウェブサイトのUI（ユーザーインターフェース）をクローンできると主張しています。[URL: https://www.youtube.com/watch?v=-DYen-QEn-k&t=16]
Clone ANY Website with AI - 💥 V0 vs Replit Agent - Who's better? 💥,Q：最初に試すAIは何ですか？,A：最初にv0を試します。[URL: https://www.youtube.com/watch?v=-DYen-QEn-k&t=28]
Clone ANY Website with AI - 💥 V0 vs Replit Agent - Who's better? 💥,Q：次に試すAIは何ですか？,A：次にreplate agentを試します。[URL: https://www.youtube.com/watch?v=-DYen-QEn-k&t=30]
Clone ANY Website with AI - 💥 V0 vs Replit Agent - Who's better? 💥,Q：AIに何を依頼しますか？,A：ウェブサイトのURLを与えて、ウェブサイトをクローンするように依頼します。[URL: https://www.youtube.com/watch?v=-DYen-QEn-k&t=32]
Clone ANY Website with AI - 💥 V0 vs Replit Agent - Who's better? 💥,Q：クローンするウェブサイトはいくつですか？,A：3つのウェブサイトをクローンします。[URL: https://www.youtube.com/watch?v=-DYen-QEn-k&t=37]
Clone ANY Website with AI - 💥 V0 vs Replit Agent - Who's better? 💥,Q：最初にクローンするウェブサイトは何ですか？,A：最初にship fastというウェブサイトをクローンします。[URL: https://www.youtube.com/watch?v=-DYen-QEn-k&t=39]
Clone ANY Website with AI - 💥 V0 vs Replit Agent - Who's better? 💥,Q：次にクローンするウェブサイトは何ですか？,A：次にknow your users grow yoursというウェブサイトをクローンします。[URL: https://www.youtube.com/watch?v=-DYen-QEn-k&t=45]
Clone ANY Website with AI - 💥 V0 vs Replit Agent - Who's better? 💥,Q：最後にクローンするウェブサイトは何ですか？,A：最後にpineというウェブサイトをクローンします。[URL: https://www.youtube.com/watch?v=-DYen-QEn-k&t=55]
Clone ANY Website with AI - 💥 V0 vs Replit Agent - Who's better? 💥,Q：クローンされたウェブサイトで何を確認しますか？,A：クローンされたウェブサイトが元のウェブサイトにどれだけ近いか、機能性をどこまで再現できるか、そしてスピードなどを確認します。[URL: https://www.youtube.com/watch?v=-DYen-QEn-k&t=74]
Clone ANY Website with AI - 💥 V0 vs Replit Agent - Who's better? 💥,Q：replate agentに最初に何を依頼しますか？,A：ウェブサイトのURLを渡して、クローンするように依頼します。[URL: https://www.youtube.com/watch?v=-DYen-QEn-k&t=94]
Clone ANY Website with AI - 💥 V0 vs Replit Agent - Who's better? 💥,Q：v0に最初に何を依頼しますか？,A：ウェブサイトのURLを渡して、クローンするように依頼します。[URL: https://www.youtube.com/watch?v=-DYen-QEn-k&t=106]
Clone ANY Website with AI - 💥 V0 vs Replit Agent - Who's better? 💥,Q：replate agentはどのように計画を立てますか？,A：replate agentは、まず計画を立ててから実行に移します。[URL: https://www.youtube.com/watch?v=-DYen-QEn-k&t=120]
Clone ANY Website with AI - 💥 V0 vs Replit Agent - Who's better? 💥,Q：replate agentは、何をすると言っていますか？,A：replate agentは、react Shad CとUIを使って、ship fastのランディングページをクローンすると言っています。[URL: https://www.youtube.com/watch?v=-DYen-QEn-k&t=134]
Clone ANY Website with AI - 💥 V0 vs Replit Agent - Who's better? 💥,Q：v0はどのようにスクリーンショットを撮りますか？,A：v0は、画面に表示されている部分のみのスクリーンショットを撮ります。[URL: https://www.youtube.com/watch?v=-DYen-QEn-k&t=164]
Clone ANY Website with AI - 💥 V0 vs Replit Agent - Who's better? 💥,Q：v0は、どのようなファイルを作成しますか？,A：v0は、複数のファイルを作成します。[URL: https://www.youtube.com/watch?v=-DYen-QEn-k&t=184]
Clone ANY Website with AI - 💥 V0 vs Replit Agent - Who's better? 💥,Q：v0で作成されたウェブサイトのロゴはどうですか？,A：v0で作成されたウェブサ...
What's the Replit Agent? Find out in 60 Seconds,Q：紹介者は誰ですか？,A：マットです。[URL: https://www.youtube.com/watch?v=aWBiZc5XKJM&t=2]
What's the Replit Agent? Find out in 60 Seconds,Q：何を紹介していますか？,A：新しいdifyエージェントを60秒で紹介しています。[URL: https://www.youtube.com/watch?v=aWBiZc5XKJM&t=3]
What's the Replit Agent? Find out in 60 Seconds,Q：difyとは何ですか？,A：difyは、アイデアからソフトウェアを迅速に開発するためのソフトウェア開発プラットフォームです。[URL: https://www.youtube.com/watch?v=aWBiZc5XKJM&t=13]
What's the Replit Agent? Find out in 60 Seconds,Q：difyはどのような環境ですか？,A：difyは、開発を簡単にするためのツール、サービス、パッケージがすべて揃った仮想環境またはコンテナです。[URL: https://www.youtube.com/watch?v=aWBiZc5XKJM&t=17]
What's the Replit Agent? Find out in 60 Seconds,Q：difyエージェントとは何ですか？,A：difyエージェントは、アイデアからソフトウェアをより迅速に作成できる自律型AIシステムです。[URL: https://www.youtube.com/watch?v=aWBiZc5XKJM&t=25]
What's the Replit Agent? Find out in 60 Seconds,Q：difyエージェントは何ができますか？,A：difyエージェントは、データベースの作成、フロントエンドとバックエンドの接続、フルスタックアプリケーションのデプロイなどができます。[URL: https://www.youtube.com/watch?v=aWBiZc5XKJM&t=34]
What's the Replit Agent? Find out in 60 Seconds,Q：difyエージェントはどのような役割ですか？,A：difyエージェントは、コード生成ツールというよりは、ペアプログラマーのような役割です。[URL: https://www.youtube.com/watch?v=aWBiZc5XKJM&t=42]
What's the Replit Agent? Find out in 60 Seconds,Q：difyエージェントの主な機能は何ですか？,A：difyエージェントは、アプリケーションの生成だけでなく、開発環境の構成やプロジェクトの共有もできます。[URL: https://www.youtube.com/watch?v=aWBiZc5XKJM&t=50]
What's the Replit Agent? Find out in 60 Seconds,Q：difyエージェントはいつ利用可能ですか？,A：difyエージェントは、現在、すべてのdifyコアサブスクライバーが早期アクセスで利用できます。[URL: https://www.youtube.com/watch?v=aWBiZc5XKJM&t=60]
We Built THREE AI Apps Using ONLY AI in 58 Mins! 🤯 (Replit Agent Tutorial - Better Than Cursor),Q：この動画の目的は何ですか？,A：AI技術の進歩を紹介し、AIを使ってアプリを構築する様子を見せること。[URL: https://www.youtube.com/watch?v=Lq0FSpimDcs&t=0]
We Built THREE AI Apps Using ONLY AI in 58 Mins! 🤯 (Replit Agent Tutorial - Better Than Cursor),Q：この動画で作成するアプリは何種類ですか？,A：3種類のAIアプリを作成します。[URL: https://www.youtube.com/watch?v=Lq0FSpimDcs&t=9]
We Built THREE AI Apps Using ONLY AI in 58 Mins! 🤯 (Replit Agent Tutorial - Better Than Cursor),Q：作成するアプリの種類は何ですか？,A：ピックアップラインアプリ、ブログジェネレーターアプリ、ウェブスクレイパーアプリです。[URL: https://www.youtube.com/watch?v=Lq0FSpimDcs&t=16]
We Built THREE AI Apps Using ONLY AI in 58 Mins! 🤯 (Replit Agent Tutorial - Better Than Cursor),Q：なぜ3つのアプリを作るのですか？,A：AI技術の多様性を示すためです。[URL: https://www.youtube.com/watch?v=Lq0FSpimDcs&t=26]
We Built THREE AI Apps Using ONLY AI in 58 Mins! 🤯 (Replit Agent Tutorial - Better Than Cursor),Q：この動画の作成者はコーダーですか？,A：いいえ、コーダーやコンピューター科学者ではありません。[URL: https://www.youtube.com/watch?v=Lq0FSpimDcs&t=38]
We Built THREE AI Apps Using ONLY AI in 58 Mins! 🤯 (Replit Agent Tutorial - Better Than Cursor),Q：この動画の映像はどのようなものですか？,A：編集されていない生の映像で、ミスもそのまま残っています。[URL: https://www.youtube.com/watch?v=Lq0FSpimDcs&t=45]
We Built THREE AI Apps Using ONLY AI in 58 Mins! 🤯 (Replit Agent Tutorial - Better Than Cursor),Q：動画内で紹介されたリソースはどこで入手できますか？,A：動画の説明欄にあるリンクからアクセスできます。[URL: https://www.youtube.com/watch?v=Lq0FSpimDcs&t=66]
We Built THREE AI Apps Using ONLY AI in 58 Mins! 🤯 (Replit Agent Tutorial - Better Than Cursor),Q：動画内で最初に試すAIアプリは何ですか？,A：人気のAIアプリをAIとrepet agentを使って再現します。[URL: https://www.youtube.com/watch?v=Lq0FSpimDcs&t=78]
We Built THREE AI Apps Using ONLY AI in 58 Mins! 🤯 (Replit Agent Tutorial - Better Than Cursor),Q：最初に再現するAIアプリのジャンルは何ですか？,A：ライティング系のアプリです。[URL: https://www.youtube.com/watch?v=Lq0FSpimDcs&t=122]
We Built THREE AI Apps Using ONLY AI in 58 Mins! 🤯 (Replit Agent Tutorial - Better Than Cursor),Q：最初に再現する具体的なアプリは何ですか？,A：AIを使ったピックアップラインアプリです。[URL: https://www.youtube.com/watch?v=Lq0FSpimDcs&t=138]
We Built THREE AI Apps Using ONLY AI in 58 Mins! 🤯 (Replit Agent Tutorial - Better Than Cursor),Q：次に再現するAIアプリのジャンルは何ですか？,A：SEOライティングアプリです。[URL: https://www.youtube.com/watch?v=Lq0FSpimDcs&t=251]
We Built THREE AI Apps Using ONLY AI in 58 Mins! 🤯 (Replit Agent Tutorial - Better Than Cursor),Q：最後に再現するAIアプリのジャンルは何ですか？,A：面接対策アプリです。[URL: https://www.youtube.com/watch?v=Lq0FSpimDcs&t=300]
We Built THREE AI Apps Using ONLY AI in 58 Mins! 🤯 (Replit Agent Tutorial - Better Than Cursor),Q：repet agentとは何ですか？,A：AIを使ってコードを自動生成するツールです。[URL: https://www.youtube.com/watch?v=Lq0FSpimDcs&t=348]
We Built THREE AI Apps Using ONLY AI in 58 Mins! 🤯 (Replit Agent Tutorial - Better Than Cursor),Q：repet agentはどのように使うのですか？,A：作りたいアプリの要件をテキストで入力すると、AIがコードを生成します。[URL: https://www.youtube.com/watch?v=Lq0FSpimDcs&t=370]
We Built THREE AI Apps Using ONLY AI in 58 Mins! 🤯 (Replit Agent Tutorial - Better Than Cursor),Q：ピックアップラインアプリの作成で、最初に何をした？,A：ピックアップラインアプリのスクリーンショットをrepet agentに与えました。[URL: https://www.youtube.com/watch?v=Lq0FSpimDcs&t=381]
We Built THREE AI Apps Using ONLY AI in 58 Mins! 🤯 (Replit Agent Tutorial - Better Than Cursor),Q：repet agentはどのような計画を立てましたか？,A：FlaskとVanilla JSを使って、青色の配色でピックアップラインアプリを作成する計画を立てました。[URL: https://www.youtube.com/watch?v=Lq0FSpimDcs&t=448]
We Built THREE AI Apps Using ONLY AI in 58 Mins! 🤯 (Replit Agent Tutorial - Better Than Cursor),Q：repet agentが提案した追加機能は何ですか？,A：新しいピックアップラインを生成するボタンと、ピックアップラインのカテゴリ機能です。[URL: https://www.youtube.com/watch?v=Lq0FSpimDcs&t=455]
We Built THREE AI Apps Using ONLY AI in 58 Mins! 🤯 (Replit Agent Tutorial - Better Than Cursor),Q：repet agentの利用には料金がかかりますか？,A：はい、コアプランに加入する必要があります（月額約19ドル）。[URL: https://www.youtube.com/watch?v=Lq0F...
Meet the Replit Agent,Q：AIの進化により、誰でもコードを書けるようになったが、アプリ開発には何が必要か？,A：アプリ開発には、開発環境の構築、依存関係のインストール、データベースの設定など、コードを書く以上の作業が必要。[URL: https://www.youtube.com/watch?v=IYiVPrxY8-Y&t=4]
Meet the Replit Agent,Q：開発したアプリを世界に共有するためには何が必要か？,A：従来は複雑な手順が必要だったが、それを変える必要がある。[URL: https://www.youtube.com/watch?v=IYiVPrxY8-Y&t=15]
Meet the Replit Agent,Q：発表された「repet agent」とは何か？,A：repetのCEOであるamjed mad氏が発表した、アプリ開発を支援するツール。[URL: https://www.youtube.com/watch?v=IYiVPrxY8-Y&t=22]
Meet the Replit Agent,Q：repet agentの初期プロンプトはどこから来たか？,A：10ヶ月前のTed AIトークで話したエージェントに関するプロンプト。[URL: https://www.youtube.com/watch?v=IYiVPrxY8-Y&t=27]
Meet the Replit Agent,Q：repet agentに与えたプロンプトは？,A：自分の位置情報に基づいたローカルランドマークのアプリを作成する。[URL: https://www.youtube.com/watch?v=IYiVPrxY8-Y&t=38]
Meet the Replit Agent,Q：repet agentが提示した計画は編集可能か？,A：完全に編集可能。[URL: https://www.youtube.com/watch?v=IYiVPrxY8-Y&t=43]
Meet the Replit Agent,Q：アプリにどのような機能を追加したか？,A：検索機能を追加。[URL: https://www.youtube.com/watch?v=IYiVPrxY8-Y&t=50]
Meet the Replit Agent,Q：repet agentの進捗状況はどのように確認できるか？,A：進捗ペインで、エージェントが何をしているかを学習できる。[URL: https://www.youtube.com/watch?v=IYiVPrxY8-Y&t=52]
Meet the Replit Agent,Q：repet agentの動作はどの程度透明性が高いか？,A：完全に透明性が高く、エージェントの動作を隠すことはない。[URL: https://www.youtube.com/watch?v=IYiVPrxY8-Y&t=56]
Meet the Replit Agent,Q：repet agentはどのように学習に役立つか？,A：エージェントが動作を説明するため、どのように構築するかを学べる。[URL: https://www.youtube.com/watch?v=IYiVPrxY8-Y&t=63]
Meet the Replit Agent,Q：作成されたアプリはどのようなランドマークを表示したか？,A：Foster Cityで期待されるようなランドマークを表示。[URL: https://www.youtube.com/watch?v=IYiVPrxY8-Y&t=72]
Meet the Replit Agent,Q：repet agentのアプリ開発プロセスで、ユーザーは何ができるか？,A：フィードバックを与えたり、機能を反復したり、追加したりできる。[URL: https://www.youtube.com/watch?v=IYiVPrxY8-Y&t=78]
Meet the Replit Agent,Q：repet agentの次のステップは？,A：検索機能の追加。[URL: https://www.youtube.com/watch?v=IYiVPrxY8-Y&t=91]
Meet the Replit Agent,Q：repet agentはどのようにコードを編集しているか？,A：ユーザーがIDEで行うのと同じようにコードを編集し、依存関係をインストールしている。[URL: https://www.youtube.com/watch?v=IYiVPrxY8-Y&t=96]
Meet the Replit Agent,Q：repet agentはどのようなツールを使用しているか？,A：ユーザーに公開されているのと同じツールを使用。[URL: https://www.youtube.com/watch?v=IYiVPrxY8-Y&t=105]
Meet the Replit Agent,Q：repet agentはどのような存在か？,A：ユーザーと同じ環境で動作する、ユーザーの能力を拡張する存在。[URL: https://www.youtube.com/watch?v=IYiVPrxY8-Y&t=113]
Meet the Replit Agent,Q：repet agentで開発したアプリのデプロイはどのように行うか？,A：サーバーやデータベースの設定は不要で、クラウドにデプロイできる。[URL: https://www.youtube.com/watch?v=IYiVPrxY8-Y&t=120]
Difyで作る！RAGの精度を向上させるSelf-Routeについて解説してみた,Q：本日の動画のテーマは？,A：difyで行うセルフルートについて[URL: https://www.youtube.com/watch?v=b5zlZkRLh5Y&t=2]
Difyで作る！RAGの精度を向上させるSelf-Routeについて解説してみた,Q：生成AIの活用で困っていることは？,A：ラグを仕事に導入したが精度が出ないこと[URL: https://www.youtube.com/watch?v=b5zlZkRLh5Y&t=8]
Difyで作る！RAGの精度を向上させるSelf-Routeについて解説してみた,Q：ラグとは？,A：言語モデルが学習していないことに関しても答えられるようにする技術[URL: https://www.youtube.com/watch?v=b5zlZkRLh5Y&t=30]
Difyで作る！RAGの精度を向上させるSelf-Routeについて解説してみた,Q：ラグの課題は？,A：質問の種類によっては精度が悪くなること[URL: https://www.youtube.com/watch?v=b5zlZkRLh5Y&t=38]
Difyで作る！RAGの精度を向上させるSelf-Routeについて解説してみた,Q：質問例は？,A：ニャンタがYouTubeを始めた日の東京の気温は何度でしたかといった質問[URL: https://www.youtube.com/watch?v=b5zlZkRLh5Y&t=42]
Difyで作る！RAGの精度を向上させるSelf-Routeについて解説してみた,Q：なぜ精度が低くなるのか？,A：複数回の推論が必要になるため[URL: https://www.youtube.com/watch?v=b5zlZkRLh5Y&t=55]
Difyで作る！RAGの精度を向上させるSelf-Routeについて解説してみた,Q：今回の動画で紹介する技術は？,A：セルフルートという技術[URL: https://www.youtube.com/watch?v=b5zlZkRLh5Y&t=73]
Difyで作る！RAGの精度を向上させるSelf-Routeについて解説してみた,Q：セルフルートを使うメリットは？,A：普通のラグよりも精度が向上すること[URL: https://www.youtube.com/watch?v=b5zlZkRLh5Y&t=76]
Difyで作る！RAGの精度を向上させるSelf-Routeについて解説してみた,Q：セルフルートは誰が開発に関わっている？,A：GoogleのDEEPmindの人も開発に関わっている[URL: https://www.youtube.com/watch?v=b5zlZkRLh5Y&t=109]
Difyで作る！RAGの精度を向上させるSelf-Routeについて解説してみた,Q：セルフルートの論文タイトルは？,A：リトリーバルオグメジェネレーションはロングコンテクストエムス[URL: https://www.youtube.com/watch?v=b5zlZkRLh5Y&t=118]
Difyで作る！RAGの精度を向上させるSelf-Routeについて解説してみた,Q：セルフルートとは？,A：ユーザーが質問した時にラグを行うべきかプロンプトに全部入れた方がいいのかをAIが判定して最適な方を選ぶ手法[URL: https://www.youtube.com/watch?v=b5zlZkRLh5Y&t=137]
Difyで作る！RAGの精度を向上させるSelf-Routeについて解説してみた,Q：ラグの処理の流れは？,A：文章を与えて、その情報に基づいてユーザーが質問すると、AIが文章から必要な情報を検索し、抽出した情報を使って回答を生成する[URL: https://www.youtube.com/watch?v=b5zlZkRLh5Y&t=153]
Difyで作る！RAGの精度を向上させるSelf-Routeについて解説してみた,Q：セルフルートは何が違うのか？,A：情報を抽出した後、その情報でユーザーの質問に正しく回答できるかを言語モデルが判断する[URL: https://www.youtube.com/watch?v=b5zlZkRLh5Y&t=201]
Difyで作る！RAGの精度を向上させるSelf-Routeについて解説してみた,Q：セルフルートの判断基準は？,A：抽出した文章とユーザーの質問文を一緒にプロンプトに入れ、正しく答えられそうならラグ、無理そうなら文章全部をプロンプトに入れる[URL: https://www.youtube.com/watch?v=b5zlZkRLh5Y&t=221]
Difyで作る！RAGの精度を向上させるSelf-Routeについて解説してみた,Q：ラグと全部プロンプトに入れる場合の特徴は？,A：ラグは精度が低いがコストが安く、全部プロンプトに入れる場合は精度が高いが料金も高い[URL: https://www.youtube.com/watch?v=b5zlZkRLh5Y&t=285]
Difyで作る！RAGの精度を向上させるSelf-Routeについて解説してみた,Q：セルフルートのメリットは？,A：精度が低いラグで回答できるものはラグを使い、難しい質問は全部プロンプトに入れて精度を上げる[URL: https://www.youtube.com/watch?v=b5zlZkRLh5Y&t=306]
Difyで作る！RAGの精度を向上させるSelf-Routeについて解説してみた,Q：セルフルートの実験結果は？,A：精度は全部プロンプトに入れる場合とほぼ変わらず、コストはGPT4オムニで4割、ジェミニで6割程度安くなる[URL: https://www.youtube.com/watch?v=b5zlZkRLh5Y&t=321]
Difyで作る！RAGの精度を向上させるSelf-Routeについて解説してみた,Q：実験結果から分かったことは？,A：ラグで間違える問題はロングコンテキストでも間違えやすく、ラグで正解できる問題はロングコンテキストでも正解しやすい[URL: https://www.youtube.com/watch?v=b5zlZkRLh5Y&t=431]
Difyがさらに便利になったのでポイントに絞って解説してみた,Q：生成AIアプリケーション開発で人気のライブラリは何ですか？,A：最も有名なのはラングチェーンというライブラリーです。[URL: https://www.youtube.com/watch?v=VIu-uWM-paA&t=18]
Difyがさらに便利になったのでポイントに絞って解説してみた,Q：ラングチェーン以外に有名なライブラリはありますか？,A：ラマインデックスというライブラリーも有名です。[URL: https://www.youtube.com/watch?v=VIu-uWM-paA&t=35]
Difyがさらに便利になったのでポイントに絞って解説してみた,Q：difyはいつ頃リリースされましたか？,A：去年の4月頃にリリースされたようです。[URL: https://www.youtube.com/watch?v=VIu-uWM-paA&t=46]
Difyがさらに便利になったのでポイントに絞って解説してみた,Q：difyが注目され始めたのはいつ頃ですか？,A：今年の4月5月頃に注目度が高まりました。[URL: https://www.youtube.com/watch?v=VIu-uWM-paA&t=49]
Difyがさらに便利になったのでポイントに絞って解説してみた,Q：difyはどのような人向けのライブラリですか？,A：プログラミングの知識をそこまで必要とせずに生成AIを活用したアプリケーションが開発できるツールです。[URL: https://www.youtube.com/watch?v=VIu-uWM-paA&t=66]
Difyがさらに便利になったのでポイントに絞って解説してみた,Q：difyとはどのようなプラットフォームですか？,A：プログラミングをそんなに書かなくても生成AIを使ったアプリケーションが開発できるプラットフォームです。[URL: https://www.youtube.com/watch?v=VIu-uWM-paA&t=114]
Difyがさらに便利になったのでポイントに絞って解説してみた,Q：difyでできることは何ですか？,A：difyでは、ラグ、プロンプトの管理、エージェントの技術などが一通り使えます。[URL: https://www.youtube.com/watch?v=VIu-uWM-paA&t=141]
Difyがさらに便利になったのでポイントに絞って解説してみた,Q：difyではどのようなサービスが利用できますか？,A：OpenAIやAnthropicなど様々な会社が提供しているサービスを利用できます。[URL: https://www.youtube.com/watch?v=VIu-uWM-paA&t=158]
Difyがさらに便利になったのでポイントに絞って解説してみた,Q：difyでチャットボットは簡単に作れますか？,A：数分で作成できます。[URL: https://www.youtube.com/watch?v=VIu-uWM-paA&t=178]
Difyがさらに便利になったのでポイントに絞って解説してみた,Q：difyではどのような言語モデルが利用できますか？,A：クロード、GPT、Geminiなど様々なプロバイダーのモデルが利用できます。[URL: https://www.youtube.com/watch?v=VIu-uWM-paA&t=205]
Difyがさらに便利になったのでポイントに絞って解説してみた,Q：difyの新機能はどこで確認できますか？,A：difyの公式ブログで確認できます。[URL: https://www.youtube.com/watch?v=VIu-uWM-paA&t=241]
Difyがさらに便利になったのでポイントに絞って解説してみた,Q：今回紹介するdifyの新機能は何ですか？,A：イテレーション、並列分岐、カンバセーションバブルの3つです。[URL: https://www.youtube.com/watch?v=VIu-uWM-paA&t=258]
Difyがさらに便利になったのでポイントに絞って解説してみた,Q：イテレーションとはどのような機能ですか？,A：同じような処理を何回もしたい場合に使える繰り返し処理の機能です。[URL: https://www.youtube.com/watch?v=VIu-uWM-paA&t=307]
Difyがさらに便利になったのでポイントに絞って解説してみた,Q：イテレーションで利用する配列とは何ですか？,A：複数のデータを1つにまとめた塊です。[URL: https://www.youtube.com/watch?v=VIu-uWM-paA&t=424]
Difyがさらに便利になったのでポイントに絞って解説してみた,Q：イテレーションで配列の要素を取り出すにはどうすればいいですか？,A：アイテムという変数で配列の要素を順番に取り出すことができます。[URL: https://www.youtube.com/watch?v=VIu-uWM-paA&t=470]
Difyがさらに便利になったのでポイントに絞って解説してみた,Q：イテレーションで配列の順番を取得するにはどうすればいいですか？,A：インデックスという変数で配列の順番を取得できます。[URL: https://www.youtube.com/watch?v=VIu-uWM-paA&t=476]
Difyがさらに便利になったのでポイントに絞って解説してみた,Q：並列分岐とはどのような機能ですか？,A：特定のステップで2つ以上のノードを同時に実行できる機能です。[URL: https://www.youtube.com/watch?v=VIu-uWM-paA&t=839]
Difyがさらに便利になったのでポイントに絞って解説してみた,Q：並列分岐を使うと何ができますか？,A：複数の言語モデルを使った時の回答を比較することができます。[U...
【誰でも簡単に理解】Difyで使える基礎ブロック9パターンでできること解説 【Dify講座】,Q：この動画では何について解説していますか？,A：difyで使える基礎ブロック9パターンについて徹底的に解説します。[URL: https://www.youtube.com/watch?v=Aszx60yIXUI&t=5]
【誰でも簡単に理解】Difyで使える基礎ブロック9パターンでできること解説 【Dify講座】,Q：difyの基礎ブロックを理解しないとどうなりますか？,A：difyを使ったアプリ構築が全くできません。[URL: https://www.youtube.com/watch?v=Aszx60yIXUI&t=30]
【誰でも簡単に理解】Difyで使える基礎ブロック9パターンでできること解説 【Dify講座】,Q：この動画の内容を理解すると何ができますか？,A：difyでアプリを1人で作ることが可能になります。[URL: https://www.youtube.com/watch?v=Aszx60yIXUI&t=45]
【誰でも簡単に理解】Difyで使える基礎ブロック9パターンでできること解説 【Dify講座】,Q：動画を見る際に推奨されることは？,A：動画を見ながら実際に手を動かして理解することを推奨します。[URL: https://www.youtube.com/watch?v=Aszx60yIXUI&t=79]
【誰でも簡単に理解】Difyで使える基礎ブロック9パターンでできること解説 【Dify講座】,Q：動画内でプレゼントの案内はありますか？,A：はい、チャットgbtやAIツールに関する最新情報やプレゼントの案内があります。[URL: https://www.youtube.com/watch?v=Aszx60yIXUI&t=93]
【誰でも簡単に理解】Difyで使える基礎ブロック9パターンでできること解説 【Dify講座】,Q：動画内で業務効率化ツールの導入サポートはありますか？,A：はい、法人向けに業務効率化ツールの導入サポートも行っています。[URL: https://www.youtube.com/watch?v=Aszx60yIXUI&t=114]
【誰でも簡単に理解】Difyで使える基礎ブロック9パターンでできること解説 【Dify講座】,Q：動画の内容を理解するためにどうすれば良いですか？,A：動画を何度も見て、各ブロックのポイントを理解するようにしてください。[URL: https://www.youtube.com/watch?v=Aszx60yIXUI&t=125]
【誰でも簡単に理解】Difyで使える基礎ブロック9パターンでできること解説 【Dify講座】,Q：動画の解説はどのような順番で進められますか？,A：理解を深めるために、後の理解につながるようなブロック順で解説します。[URL: https://www.youtube.com/watch?v=Aszx60yIXUI&t=137]
【誰でも簡単に理解】Difyで使える基礎ブロック9パターンでできること解説 【Dify講座】,Q：開始ブロックはどのように活用できますか？,A：ユーザーの動きをある程度誘導することが可能です。[URL: https://www.youtube.com/watch?v=Aszx60yIXUI&t=169]
【誰でも簡単に理解】Difyで使える基礎ブロック9パターンでできること解説 【Dify講座】,Q：開始ブロックでユーザーにテキスト入力を求めるにはどうすれば良いですか？,A：入力フィールドを追加することで、ショートテキスト、段落、選択、数値の4つのタイプから選択できます。[URL: https://www.youtube.com/watch?v=Aszx60yIXUI&t=209]
【誰でも簡単に理解】Difyで使える基礎ブロック9パターンでできること解説 【Dify講座】,Q：ショートテキストの最大文字数は？,A：最大256文字です。[URL: https://www.youtube.com/watch?v=Aszx60yIXUI&t=228]
【誰でも簡単に理解】Difyで使える基礎ブロック9パターンでできること解説 【Dify講座】,Q：変数名とラベル名の違いは何ですか？,A：ラベル名はユーザーが入力時に見える部分で、変数名は後続のブロックで呼び出す際に使われる名前です。[URL: https://www.youtube.com/watch?v=Aszx60yIXUI&t=248]
【誰でも簡単に理解】Difyで使える基礎ブロック9パターンでできること解説 【Dify講座】,Q：必須オプションをオンにするとどうなりますか？,A：ユーザーに必ず入力を求める形になり、入力がない場合はエラーになります。[URL: https://www.youtube.com/watch?v=Aszx60yIXUI&t=279]
【誰でも簡単に理解】Difyで使える基礎ブロック9パターンでできること解説 【Dify講座】,Q：段落テキストの最大文字数は？,A：最大3万3024文字です。[URL: https://www.youtube.com/watch?v=Aszx60yIXUI&t=358]
【誰でも簡単に理解】Difyで使える基礎ブロック9パターンでできること解説 【Dify講座】,Q：選択肢はどのように活用できますか？,A：ユーザーに選択肢の中から選ばせることで、ユーザーの行動を誘導できます。[URL: https://www.youtube.com/watch?v=Aszx60yIXUI&t=436]
【誰でも簡単に理解】Difyで使える基礎ブロック9パターンでできること解説 【Dify講座】,Q：数値入力はどのような時に使いますか？,A：値を入力してもらう際に使用しますが、選択肢がある場合は選択ボックスの使用が推奨されます。[URL: https://www.youtube.com/watch?v=Aszx60yIXUI&t=510]
【誰でも簡単に理解】Difyで使える基礎ブロック9パターンでできること解説 【Dify講座】,Q：テンプレートブロックはどのように活用できますか？,A：変数の定義やllmから出力したデータの結合に使用します。[URL: https://www.youtube.com/watch?v=Aszx60yIXUI&t=570]
【誰でも簡単に理解】Difyで使える基礎ブロック9パターンでできること解説 【Dify講座】,Q：テンプレートブロックで変数を定義するメリットは？,A：同じ値を複数回使用する場合、1箇所で定義するこ...
【Difyの使い方】初心者でもこれ見れば出来る【Docker導入〜ローカル環境構築】【GPTs上位互換】,Q：difyとはどのようなサービスですか？,A：自分のオリジナルのカスタムAIを作成できるサービスです。[URL: https://www.youtube.com/watch?v=qnDkTJ-WV8c&t=93]
【Difyの使い方】初心者でもこれ見れば出来る【Docker導入〜ローカル環境構築】【GPTs上位互換】,Q：difyで何ができますか？,A：カスタムAIの作成、様々な機能の追加、業務効率化などが可能です。[URL: https://www.youtube.com/watch?v=qnDkTJ-WV8c&t=101]
【Difyの使い方】初心者でもこれ見れば出来る【Docker導入〜ローカル環境構築】【GPTs上位互換】,Q：difyは非エンジニアでも使えますか？,A：はい、非エンジニアでも本格的なAIチャットボットを簡単に作成できます。[URL: https://www.youtube.com/watch?v=qnDkTJ-WV8c&t=112]
【Difyの使い方】初心者でもこれ見れば出来る【Docker導入〜ローカル環境構築】【GPTs上位互換】,Q：difyのチャットボットはどのようなことができますか？,A：例えば、Wikipediaを参照して情報を要約したり、業務の一連の流れをワークフローにして仕事をさせることができます。[URL: https://www.youtube.com/watch?v=qnDkTJ-WV8c&t=127]
【Difyの使い方】初心者でもこれ見れば出来る【Docker導入〜ローカル環境構築】【GPTs上位互換】,Q：difyのサービス概要は？,A：チャットボットを簡単に作成できるオープンソースの無料サービスです。ドキュメントを学習させたり、ノードベースのUIで直感的に操作できます。[URL: https://www.youtube.com/watch?v=qnDkTJ-WV8c&t=203]
【Difyの使い方】初心者でもこれ見れば出来る【Docker導入〜ローカル環境構築】【GPTs上位互換】,Q：difyの料金プランは？,A：Webサービス版は無料プランで200メッセージまで利用可能ですが、本格的に使う場合は月額59ドルからの有料プランがあります。ローカル環境に構築すれば無料で利用できます。[URL: https://www.youtube.com/watch?v=qnDkTJ-WV8c&t=261]
【Difyの使い方】初心者でもこれ見れば出来る【Docker導入〜ローカル環境構築】【GPTs上位互換】,Q：difyの最大の特徴は何ですか？,A：オープンソースであるため無料で利用できる点です。[URL: https://www.youtube.com/watch?v=qnDkTJ-WV8c&t=352]
【Difyの使い方】初心者でもこれ見れば出来る【Docker導入〜ローカル環境構築】【GPTs上位互換】,Q：difyはChatGPTのMyGPTとどう違いますか？,A：difyはノード形式のUIで直感的に操作でき、ツールの導入が簡単、Webサービスに組み込み可能、オープンソースで無料、外部公開が可能、高度な条件分岐も作成可能です。[URL: https://www.youtube.com/watch?v=qnDkTJ-WV8c&t=513]
【Difyの使い方】初心者でもこれ見れば出来る【Docker導入〜ローカル環境構築】【GPTs上位互換】,Q：difyの基本的な使い方は？,A：difyの管理画面からスタジオを開き、チャットボットを作成します。カスタムプロンプトや変数を設定し、プレビューで動作を確認できます。[URL: https://www.youtube.com/watch?v=qnDkTJ-WV8c&t=642]
【Difyの使い方】初心者でもこれ見れば出来る【Docker導入〜ローカル環境構築】【GPTs上位互換】,Q：difyで事前に学習させるには？,A：ナレッジ機能でPDFなどのファイルをアップロードし、学習させることができます。[URL: https://www.youtube.com/watch?v=qnDkTJ-WV8c&t=772]
【Difyの使い方】初心者でもこれ見れば出来る【Docker導入〜ローカル環境構築】【GPTs上位互換】,Q：difyのワークフローを使ったチャットボットの作り方は？,A：スタジオでチャットフローを選択し、ノード形式のUIで様々な仕組みを追加して作成します。[URL: https://www.youtube.com/watch?v=qnDkTJ-WV8c&t=897]
【Difyの使い方】初心者でもこれ見れば出来る【Docker導入〜ローカル環境構築】【GPTs上位互換】,Q：difyでGPT4などの他のモデルを使うには？,A：設定のモデルプロバイダーでAPIキーを設定する必要があります。[URL: https://www.youtube.com/watch?v=qnDkTJ-WV8c&t=932]
【Difyの使い方】初心者でもこれ見れば出来る【Docker導入〜ローカル環境構築】【GPTs上位互換】,Q：difyのワークフローの基本的な使い方は？,A：開始ノードでユーザーのテキストを受け取り、LLMで処理し、回答ノードで出力します。[URL: https://www.youtube.com/watch?v=qnDkTJ-WV8c&t=1034]
【Difyの使い方】初心者でもこれ見れば出来る【Docker導入〜ローカル環境構築】【GPTs上位互換】,Q：difyで作成したチャットボットを公開するには？,A：右上の公開ボタンをクリックし、アプリを実行するとURLが発行されます。[URL: https://www.youtube.com/watch?v=qnDkTJ-WV8c&t=1288]
【Difyの使い方】初心者でもこれ見れば出来る【Docker導入〜ローカル環境構築】【GPTs上位互換】,Q：difyでWikipediaを参照するチャットボットの作り方は？,A：組み込みツールからWikipediaを選択し、LLMで要約します。[URL: https://www.youtube.com/watch?v=qnDkTJ-WV8c&t=1350]
【Difyの使い方】初心者でもこれ見れば出来る【Docker導入〜ローカル環境構築】【GPTs上位互換】,Q：difyで画像生成するチャットボットの作り方は？,A：LLMでテキストを生成し、DALL-E3で画像を生...
無料で自分用AIチャットボット作れる #dify,Q：ジ太郎さんが業務用のカスタムAIを作成する場合、月額費用は？,A：月額3000円かかる。[URL: https://www.youtube.com/watch?v=GW8ikzHXitc&t=4]
無料で自分用AIチャットボット作れる #dify,Q：AIボットは初心者でも簡単に作成できるか？,A：洗練されたデザインで初心者でも簡単に作成できる。[URL: https://www.youtube.com/watch?v=GW8ikzHXitc&t=8]
無料で自分用AIチャットボット作れる #dify,Q：自分のパソコン上でAIアプリを作成できるか？,A：できない。[URL: https://www.youtube.com/watch?v=GW8ikzHXitc&t=14]
無料で自分用AIチャットボット作れる #dify,Q：無料でパソコン上にAIボットを作成できるサービスはあるか？,A：difyを使えば無料でパソコン上にオリジナルのAIボットを作成できる。[URL: https://www.youtube.com/watch?v=GW8ikzHXitc&t=21]
無料で自分用AIチャットボット作れる #dify,Q：difyの特徴は？,A：ChatGPTのカスタムAI機能よりも直感的に操作でき、Wikipediaの情報を読み込んだり、画像生成機能をワンクリックで導入できる。また、誰でも自由に無料でパソコン上にdifyの仕組みを導入できる。[URL: https://www.youtube.com/watch?v=GW8ikzHXitc&t=26]
無料で自分用AIチャットボット作れる #dify,Q：difyを導入するとどうなるか？,A：個人にパーソナライズされたAIを使い放題になる。[URL: https://www.youtube.com/watch?v=GW8ikzHXitc&t=39]
無料で自分用AIチャットボット作れる #dify,Q：difyの詳しい情報を得るには？,A：ケトをフォローして動画を見る。[URL: https://www.youtube.com/watch?v=GW8ikzHXitc&t=45]
AI 智能体工作流：用 Dify 打造本地、开源长文翻译神器 | 实操教程 | Coze 收费了 | 回到Axton,Q：今日のタスクは何ですか？,A：DifyというオープンソースのAI開発プラットフォームを使用して、高品質なAI翻訳アシスタントを作成します。[URL: https://www.youtube.com/watch?v=RKY-_wEpDhI&t=2]
AI 智能体工作流：用 Dify 打造本地、开源长文翻译神器 | 实操教程 | Coze 收费了 | 回到Axton,Q：なぜAI翻訳の質を向上させる必要があるのですか？,A：現在のAI翻訳は大幅に改善されたものの、まだ完全に満足できるものではないからです。[URL: https://www.youtube.com/watch?v=RKY-_wEpDhI&t=15]
AI 智能体工作流：用 Dify 打造本地、开源长文翻译神器 | 实操教程 | Coze 收费了 | 回到Axton,Q：翻訳の質を向上させるための新しい方法は何ですか？,A：AIが自身の出力を振り返り、さらに改善する「reflection workflow」という方法です。[URL: https://www.youtube.com/watch?v=RKY-_wEpDhI&t=26]
AI 智能体工作流：用 Dify 打造本地、开源长文翻译神器 | 实操教程 | Coze 收费了 | 回到Axton,Q：reflection workflowの基本的なステップは何ですか？,A：まず、1つのAIが初期翻訳を行い、次に別のAIがそのドラフトを批評し、最後に3つ目のAIがドラフトを最適化して最終的な翻訳を生成します。[URL: https://www.youtube.com/watch?v=RKY-_wEpDhI&t=38]
AI 智能体工作流：用 Dify 打造本地、开源长文翻译神器 | 实操教程 | Coze 收费了 | 回到Axton,Q：reflection workflowの利点は何ですか？,A：翻訳の精度が向上するだけでなく、ターゲット言語でより自然な翻訳が可能になります。[URL: https://www.youtube.com/watch?v=RKY-_wEpDhI&t=56]
AI 智能体工作流：用 Dify 打造本地、开源长文翻译神器 | 实操教程 | Coze 收费了 | 回到Axton,Q：以前の動画ではどのプラットフォームで翻訳ワークフローを実装しましたか？,A：Cozeプラットフォームです。[URL: https://www.youtube.com/watch?v=RKY-_wEpDhI&t=63]
AI 智能体工作流：用 Dify 打造本地、开源长文翻译神器 | 实操教程 | Coze 收费了 | 回到Axton,Q：今回の動画ではどのAI開発プラットフォームを使用しますか？,A：Difyを使用します。[URL: https://www.youtube.com/watch?v=RKY-_wEpDhI&t=68]
AI 智能体工作流：用 Dify 打造本地、开源长文翻译神器 | 实操教程 | Coze 收费了 | 回到Axton,Q：異なるプラットフォームで同じワークフローを実装する目的は何ですか？,A：コアとなる方法を習得することが、特定のツールに依存するよりも重要であることを示すためです。[URL: https://www.youtube.com/watch?v=RKY-_wEpDhI&t=73]
AI 智能体工作流：用 Dify 打造本地、开源长文翻译神器 | 实操教程 | Coze 收费了 | 回到Axton,Q：Difyとはどのようなプラットフォームですか？,A：Difyは、チャットアシスタントやAIワークフローなどを簡単に作成できるオープンソースのAIエージェントおよびワークフロー開発プラットフォームです。[URL: https://www.youtube.com/watch?v=RKY-_wEpDhI&t=105]
AI 智能体工作流：用 Dify 打造本地、开源长文翻译神器 | 实操教程 | Coze 收费了 | 回到Axton,Q：DifyとKouziの主な違いは何ですか？,A：Difyはオープンソースであり、ローカルにデプロイ可能で、使用するAIモデルはユーザー自身のAPIキーを使用します。[URL: https://www.youtube.com/watch?v=RKY-_wEpDhI&t=113]
AI 智能体工作流：用 Dify 打造本地、开源长文翻译神器 | 实操教程 | Coze 收费了 | 回到Axton,Q：Difyで利用できるAIモデルは？,A：GPTやClaudeなど、多くのモデルをサポートしており、ユーザーは自分のニーズに合わせて選択できます。[URL: https://www.youtube.com/watch?v=RKY-_wEpDhI&t=136]
AI 智能体工作流：用 Dify 打造本地、开源长文翻译神器 | 实操教程 | Coze 收费了 | 回到Axton,Q：この動画では何を学びますか？,A：Difyを使用して、反射型翻訳ワークフローを迅速に作成し、翻訳品質を向上させる方法、Difyワークフローの反復機能を使用して長いテキストを分割翻訳する方法、そして反射型翻訳ワークフローの意義について学びます。[URL: https://www.youtube.com/watch?v=RKY-_wEpDhI&t=141]
AI 智能体工作流：用 Dify 打造本地、开源长文翻译神器 | 实操教程 | Coze 收费了 | 回到Axton,Q：なぜ長いテキストを分割して翻訳するのですか？,A：AIモデルの出力コンテキストの制限を回避するためです。[URL: https://www.youtube.com/watch?v=RKY-_wEpDhI&t=150]
AI 智能体工作流：用 Dify 打造本地、开源长文翻译神器 | 实操教程 | Coze 收费了 | 回到Axton,Q：長いテキストの分割翻訳の例では、どのくらいのテキストを翻訳しましたか？,A：30分の動画のスクリプトで、6551トークンありました。[URL: https://www.youtube.com/watch?v=RKY-_wEpDhI&t=163]
AI 智能体工作流：用 Dify 打造本地、开源长文翻译神器 | 实操教程 | Coze 收费了 | 回到Axton,Q：分割翻訳の結果、テキストは何トークンになりましたか？,A：8914トークンになりました。[URL: https://www.youtube.com/watch?v=RKY-_wEpDhI&t=207]
Is Dify the easiest way to build AI Applications?,Q：新しいAIアプリのアイデアがある場合、アプリの構築にどれくらい時間がかかりますか？,A：アプリの構築自体は難しくないが、インフラの構築に時間がかかる。[URL: https://www.youtube.com/watch?v=yXAJwDtAbLo&t=0]
Is Dify the easiest way to build AI Applications?,Q：difyを使うと、アプリの構築はどのように簡単になりますか？,A：difyを使うと、グラフィカルインターフェースでコンポーネントを接続し、いくつかの質問に答えてボタンをクリックするだけで、UIとAPIを持つアプリをすぐにデプロイできます。[URL: https://www.youtube.com/watch?v=yXAJwDtAbLo&t=30]
Is Dify the easiest way to build AI Applications?,Q：difyを使うために必要な設定は何ですか？,A：モデルプロバイダーの設定が必要です。この例では、Ollamaがインストールされていることを前提としています。[URL: https://www.youtube.com/watch?v=yXAJwDtAbLo&t=57]
Is Dify the easiest way to build AI Applications?,Q：difyの利用方法にはどのようなものがありますか？,A：difyには、difyがホストするサービスを利用する方法と、自分でホストする方法があります。[URL: https://www.youtube.com/watch?v=yXAJwDtAbLo&t=68]
Is Dify the easiest way to build AI Applications?,Q：difyを自分でホストするために必要なものは何ですか？,A：Dockerがインストールされている必要があります。また、GitHubリポジトリをクローンする必要があります。[URL: https://www.youtube.com/watch?v=yXAJwDtAbLo&t=81]
Is Dify the easiest way to build AI Applications?,Q：difyの環境設定ファイル（.env）で変更する必要がある設定は何ですか？,A：ポート番号、アプリのURL、サービスAPIのURL、expose engine xortを変更する必要があります。[URL: https://www.youtube.com/watch?v=yXAJwDtAbLo&t=111]
Is Dify the easiest way to build AI Applications?,Q：difyを起動するにはどうすればいいですか？,A：コマンドラインで`docker compose up -d`を実行します。[URL: https://www.youtube.com/watch?v=yXAJwDtAbLo&t=151]
Is Dify the easiest way to build AI Applications?,Q：difyにログインするにはどうすればいいですか？,A：ブラウザで`localhost:8088`にアクセスし、最初に管理者アカウントを設定する必要があります。[URL: https://www.youtube.com/watch?v=yXAJwDtAbLo&t=163]
Is Dify the easiest way to build AI Applications?,Q：difyの主な機能は何ですか？,A：スタジオ（アプリ設計）、エクスプローラー（アプリ例の発見）、ナレッジ（ベクターデータベースへのコンテンツ追加）、ツール（利用可能なツールリスト）があります。[URL: https://www.youtube.com/watch?v=yXAJwDtAbLo&t=171]
Is Dify the easiest way to build AI Applications?,Q：difyでOllamaを設定するにはどうすればいいですか？,A：設定のモデルプロバイダーで、llama 3とnomic embed textモデルを追加します。[URL: https://www.youtube.com/watch?v=yXAJwDtAbLo&t=215]
Is Dify the easiest way to build AI Applications?,Q：difyでllama 3モデルを設定する際の注意点は？,A：ベースURLは`http://host.docker.internal:11434`にする必要があります。また、モデルのコンテキストサイズを設定する必要があります。[URL: https://www.youtube.com/watch?v=yXAJwDtAbLo&t=264]
Is Dify the easiest way to build AI Applications?,Q：difyでnomic embed textモデルを設定する際の注意点は？,A：モデルのコンテキストサイズを8192に設定する必要があります。[URL: https://www.youtube.com/watch?v=yXAJwDtAbLo&t=372]
Is Dify the easiest way to build AI Applications?,Q：difyでWeb検索ツールを設定するにはどうすればいいですか？,A：ツールセクションで、SearchNGのURLを設定する必要があります。[URL: https://www.youtube.com/watch?v=yXAJwDtAbLo&t=398]
Is Dify the easiest way to build AI Applications?,Q：difyでアプリを作成するにはどうすればいいですか？,A：スタジオで新しいアプリを作成し、ワークフローを選択します。[URL: https://www.youtube.com/watch?v=yXAJwDtAbLo&t=467]
Dify AI: Create Apps/Software in Minutes With a Drag-and-Drop UI!,Q：difyとは何ですか？,A：difyは、オープンソースの大規模言語モデルアプリ開発プラットフォームで、AIエージェントを作成し、ワークフローを自動化できます。[URL: https://www.youtube.com/watch?v=UT3CR5t-6EU&t=0]
Dify AI: Create Apps/Software in Minutes With a Drag-and-Drop UI!,Q：difyの最新アップデートは何ですか？,A：difyの最新アップデートはAIワークフローアップデートで、クラウド版とオープンソース版の両方で利用可能です。[URL: https://www.youtube.com/watch?v=UT3CR5t-6EU&t=14]
Dify AI: Create Apps/Software in Minutes With a Drag-and-Drop UI!,Q：AIワークフローアップデートの主な機能は何ですか？,A：主な機能は、ドラッグアンドドロップUIでの大規模言語モデルアプリ開発、ビジュアルデバッグ、柔軟なDSLエクスポート/インポート、PythonとJSのコードノード、ツールボックスの導入です。[URL: https://www.youtube.com/watch?v=UT3CR5t-6EU&t=27]
Dify AI: Create Apps/Software in Minutes With a Drag-and-Drop UI!,Q：difyのワークフローで何ができますか？,A：difyのワークフローでは、ReactコンポーネントジェネレーターのようなUIを作成できます。[URL: https://www.youtube.com/watch?v=UT3CR5t-6EU&t=60]
Dify AI: Create Apps/Software in Minutes With a Drag-and-Drop UI!,Q：difyのデモではどのようなUIコンポーネントが作成されましたか？,A：デモでは、Reactのハンバーガーメニューコンポーネントが作成されました。[URL: https://www.youtube.com/watch?v=UT3CR5t-6EU&t=76]
Dify AI: Create Apps/Software in Minutes With a Drag-and-Drop UI!,Q：difyのAIワークフローとは何ですか？,A：difyのAIワークフローは、AIを使ったタスクのステップごとの計画を作成するツールで、ドラッグアンドドロップで要素を接続できます。[URL: https://www.youtube.com/watch?v=UT3CR5t-6EU&t=210]
Dify AI: Create Apps/Software in Minutes With a Drag-and-Drop UI!,Q：difyのAIワークフローで利用できる要素は何ですか？,A：difyのAIワークフローでは、LLMノード、ツール、質問分類器、知識検索、カスタムコード、if/elseブロックなどが利用できます。[URL: https://www.youtube.com/watch?v=UT3CR5t-6EU&t=233]
Dify AI: Create Apps/Software in Minutes With a Drag-and-Drop UI!,Q：difyをローカルにインストールするための要件は何ですか？,A：difyをローカルにインストールするには、2コア以上のCPUと4GB以上のRAMが必要です。[URL: https://www.youtube.com/watch?v=UT3CR5t-6EU&t=333]
Dify AI: Create Apps/Software in Minutes With a Drag-and-Drop UI!,Q：difyのクラウド版を始めるにはどうすればいいですか？,A：difyのクラウド版を始めるには、GitHubまたはGoogleアカウントでサインインする必要があります。[URL: https://www.youtube.com/watch?v=UT3CR5t-6EU&t=355]
Dify AI: Create Apps/Software in Minutes With a Drag-and-Drop UI!,Q：difyのダッシュボードにはどのような機能がありますか？,A：difyのダッシュボードには、スタジオ、ナレッジ、ツールセットのダッシュボードがあり、サードパーティアプリやツールを統合できます。[URL: https://www.youtube.com/watch?v=UT3CR5t-6EU&t=364]
Dify AI: Create Apps/Software in Minutes With a Drag-and-Drop UI!,Q：difyでカスタムツールを作成するにはどうすればいいですか？,A：difyでカスタムツールを作成するには、名前、スキーマ、利用可能なツール、認証方法、プライバシーポリシーを指定する必要があります。[URL: https://www.youtube.com/watch?v=UT3CR5t-6EU&t=378]
Dify AI: Create Apps/Software in Minutes With a Drag-and-Drop UI!,Q：difyでナレッジをアップロードするにはどうすればいいですか？,A：difyでナレッジをアップロードするには、APIを接続するか、ファイルをアップロードします。また、Notionやウェブサイトからの同期も可能です。[URL: https://www.youtube.com/watch?v=UT3CR5t-6EU&t=433]
Dify AI: Create Apps/Software in Minutes With a Drag-and-Drop UI!,Q：difyのテキスト前処理とクリーニングにはどのような設定がありますか？,A：difyのテキスト前処理とクリーニングには、自動チャンク設定、カスタムチャンクルール、高品質/経済的なインデックスモード、検索設定があります。[URL: https://www.youtube.com/watch?v=UT3CR5t-6EU&t=466]
Dify AI: Create Apps/Software in Minutes With a Drag-and-Drop UI!,Q：difyで作成されたアプリケーションをエクスポートするにはどうすればいいですか？,A：difyで作...
生成AIアプリが作れる「Dify」の入門＆ビジネス活用～ビジネスパーソン必見！GPTsを超える業務特化アプリが簡単につくれて配布もできちゃう…！ Difyの使い方,Q：この動画のテーマは何ですか？,A：ビジネスパーソンのためのdify入門と、生成AIアプリを簡単に作れるツールdifyをビジネスシーンでどう活用できるかを紹介します。[URL: https://www.youtube.com/watch?v=p56_8JTvu8M&t=0]
生成AIアプリが作れる「Dify」の入門＆ビジネス活用～ビジネスパーソン必見！GPTsを超える業務特化アプリが簡単につくれて配布もできちゃう…！ Difyの使い方,Q：difyが話題になったのはいつですか？,A：結構前で、動画を作ろうと思ったが出た瞬間はすごそうだが何に使えるのかピンときていなかった。[URL: https://www.youtube.com/watch?v=p56_8JTvu8M&t=17]
生成AIアプリが作れる「Dify」の入門＆ビジネス活用～ビジネスパーソン必見！GPTsを超える業務特化アプリが簡単につくれて配布もできちゃう…！ Difyの使い方,Q：difyをビジネスでどのように活用していますか？,A：GPTのようなものを補助ツールや支援ツールとしてdifyで作ったアプリを渡して使ってもらっています。[URL: https://www.youtube.com/watch?v=p56_8JTvu8M&t=41]
生成AIアプリが作れる「Dify」の入門＆ビジネス活用～ビジネスパーソン必見！GPTsを超える業務特化アプリが簡単につくれて配布もできちゃう…！ Difyの使い方,Q：この動画で紹介するdifyの内容は何ですか？,A：difyとは何か、基本的な機能や使い方、ビジネス活用事例、そして簡単なdifyアプリの作り方を紹介します。[URL: https://www.youtube.com/watch?v=p56_8JTvu8M&t=69]
生成AIアプリが作れる「Dify」の入門＆ビジネス活用～ビジネスパーソン必見！GPTsを超える業務特化アプリが簡単につくれて配布もできちゃう…！ Difyの使い方,Q：difyとはどのようなツールですか？,A：生成AIアプリをノーコードで簡単に作れるアプリです。様々なツールと連携できます。[URL: https://www.youtube.com/watch?v=p56_8JTvu8M&t=109]
生成AIアプリが作れる「Dify」の入門＆ビジネス活用～ビジネスパーソン必見！GPTsを超える業務特化アプリが簡単につくれて配布もできちゃう…！ Difyの使い方,Q：difyはどのような連携ができますか？,A：Google検索データの取得、画像生成ツールへの連携などが可能です。[URL: https://www.youtube.com/watch?v=p56_8JTvu8M&t=116]
生成AIアプリが作れる「Dify」の入門＆ビジネス活用～ビジネスパーソン必見！GPTsを超える業務特化アプリが簡単につくれて配布もできちゃう…！ Difyの使い方,Q：difyはGPTのアクション機能とどう違いますか？,A：difyはGPTのアクション機能と同様のことができますが、より簡単にできます。また、自分のデータを投入して使うこともできます。[URL: https://www.youtube.com/watch?v=p56_8JTvu8M&t=128]
生成AIアプリが作れる「Dify」の入門＆ビジネス活用～ビジネスパーソン必見！GPTsを超える業務特化アプリが簡単につくれて配布もできちゃう…！ Difyの使い方,Q：difyはオープンソースですか？,A：はい、オープンソースで公開されています。[URL: https://www.youtube.com/watch?v=p56_8JTvu8M&t=151]
生成AIアプリが作れる「Dify」の入門＆ビジネス活用～ビジネスパーソン必見！GPTsを超える業務特化アプリが簡単につくれて配布もできちゃう…！ Difyの使い方,Q：difyを開発した会社は？,A：ラングジーニアスというアメリカの会社です。[URL: https://www.youtube.com/watch?v=p56_8JTvu8M&t=154]
生成AIアプリが作れる「Dify」の入門＆ビジネス活用～ビジネスパーソン必見！GPTsを超える業務特化アプリが簡単につくれて配布もできちゃう…！ Difyの使い方,Q：difyの安全性について懸念点はありますか？,A：開発者が中国系であるため、データが抜かれるのではないかという懸念がありますが、オープンソースで公開されており、公式には関係ないとされています。[URL: https://www.youtube.com/watch?v=p56_8JTvu8M&t=171]
生成AIアプリが作れる「Dify」の入門＆ビジネス活用～ビジネスパーソン必見！GPTsを超える業務特化アプリが簡単につくれて配布もできちゃう…！ Difyの使い方,Q：difyの利用方法は何種類ありますか？,A：3種類あります。1つ目はSaaSとしてWeb上で登録して使う方法、2つ目は自分の端末に導入してローカルで使う方法、3つ目はAWSなどのクラウドにインストールして使う方法です。[URL: https://www.youtube.com/watch?v=p56_8JTvu8M&t=196]
生成AIアプリが作れる「Dify」の入門＆ビジネス活用～ビジネスパーソン必見！GPTsを超える業務特化アプリが簡単につくれて配布もできちゃう…！ Difyの使い方,Q：difyのSaaS版の料金プランは？,A：無料プラン、月額60ドルのプロフェッショナルプラン、月額110ドルのチームプラン、エンタープライズプランがあります。[URL: https://www.youtube.com/watch?v=p56_8JTvu8M&t=308]
生成AIアプリが作れる「Dify」の入門＆ビジネス活用～ビジネスパーソン必見！GPTsを超える業務特化アプリが簡単につくれて配布もできちゃう…！ Difyの使い方,Q：difyのチームプランのメリットは？,A：チームメンバーが無制限で登録できるため、大人数で使う場合にコストを抑えられます。[URL: https://www.youtube.com/watch?v=p56_8JTvu8M&t=328]
生成AIアプリが作れる「Dify」の入門＆ビジネス活用～ビジネスパーソン必見！GPTsを超える業務特化アプリが簡単につくれて配布もできちゃう…！ Difyの使い方,Q：difyで作成できるアプリの種類は何ですか？,A：チャットボット、テキストジェネレーター、エージェント、ワークフローの4種類です。[URL: https://www.youtube.com/watch?v=p56_8JTvu8M&t=375]
生成AIアプリが作れる「Dify」の入門＆ビジネス活用～ビジネスパーソン必見！GPTsを超える業務特化アプリが簡単につくれて配布もできちゃう…！ Difyの使い方,Q：チャットボットとはどのようなアプリですか？,A：チャット形式で会話ができるアプリです。ニュースデータなどを入れて会話できます。[URL: https://www.youtube.com/watch?v=p56_8JTvu8M&t=385]
生成AIアプリが作れる「Dify」の入門＆ビジネス活用～ビジネスパーソン必見！GPTsを超える業務特化アプリが簡単につくれて配布もできちゃう…！ Difyの使い方,Q：テキストジェネレーターとはどのようなアプリですか？,A：インプットに対して1回テキストを生成す...
OpenAIのGPTsより凄い！無料で使えるDifyを徹底解説してみた,Q：difyとはどのようなサービスですか？,A：difyはOpenAIのGPTの上位互換にあたるサービスで、自分専用にカスタマイズしたチャットボットを作成できます。[URL: https://www.youtube.com/watch?v=O_bmmDWIjTc&t=27]
OpenAIのGPTsより凄い！無料で使えるDifyを徹底解説してみた,Q：GPTsとは何ですか？,A：GPTsは、自分専用にカスタマイズしたチャットボットを作成できるOpenAIのサービスです。開発したチャットボットを公開することもできます。[URL: https://www.youtube.com/watch?v=O_bmmDWIjTc&t=49]
OpenAIのGPTsより凄い！無料で使えるDifyを徹底解説してみた,Q：difyの利点は何ですか？,A：difyはGPTsの機能をさらに強力にしたもので、アプリのソースコードがオープンソースで公開されており、言語モデルを使う部分以外は無料で利用できます。また、プログラミングの知識がなくても簡単にチャットボットを作成し、外部に公開できます。[URL: https://www.youtube.com/watch?v=O_bmmDWIjTc&t=109]
OpenAIのGPTsより凄い！無料で使えるDifyを徹底解説してみた,Q：difyはどのような場面で活用できますか？,A：difyは、チャットボットの導入やカスタマーサービスのQ&A対応、高度なチャットボットの開発など、様々な場面で活用できます。[URL: https://www.youtube.com/watch?v=O_bmmDWIjTc&t=139]
OpenAIのGPTsより凄い！無料で使えるDifyを徹底解説してみた,Q：チャットボットを開発する際、GPTsを使う方法の制約は何ですか？,A：GPTsを使うにはChatGPTの有料版に加入する必要があり、利用回数の制限やログの管理ができないといった制約があります。[URL: https://www.youtube.com/watch?v=O_bmmDWIjTc&t=219]
OpenAIのGPTsより凄い！無料で使えるDifyを徹底解説してみた,Q：APIを使ったチャットボット開発の利点は何ですか？,A：APIを使うことで、言語モデルを自分のサイトやサービスに自由に組み込むことができ、ユーザーの入力や利用頻度などを管理できます。ただし、プログラミングの専門知識が必要です。[URL: https://www.youtube.com/watch?v=O_bmmDWIjTc&t=255]
OpenAIのGPTsより凄い！無料で使えるDifyを徹底解説してみた,Q：difyを使うと、プログラミングなしで何ができますか？,A：difyを使うと、プログラミングのコードを書かなくても簡単にチャットボットを作成し、外部に公開できます。また、高度なチャットボットも作成できます。[URL: https://www.youtube.com/watch?v=O_bmmDWIjTc&t=304]
OpenAIのGPTsより凄い！無料で使えるDifyを徹底解説してみた,Q：difyで利用できる言語モデルは何ですか？,A：difyでは、OpenAIのモデルだけでなく、AnthropicのClaude、GoogleのGeminiなど、様々な言語モデルを利用できます。[URL: https://www.youtube.com/watch?v=O_bmmDWIjTc&t=386]
OpenAIのGPTsより凄い！無料で使えるDifyを徹底解説してみた,Q：difyの料金体系はどうなっていますか？,A：difyにはクラウドサービスを利用する方法と、自分でサーバーを用意してアプリケーションをセットアップする方法があります。クラウドサービスは利用回数に応じたプランがあり、無料枠も用意されています。自分でセットアップする場合は、ドッカーなどを使うと簡単に構築できます。[URL: https://www.youtube.com/watch?v=O_bmmDWIjTc&t=427]
OpenAIのGPTsより凄い！無料で使えるDifyを徹底解説してみた,Q：difyのアプリを使うにはどうすれば良いですか？,A：difyの公式ページからクラウドサービスを利用するか、GitHubからソースコードをダウンロードして自分で環境をセットアップします。[URL: https://www.youtube.com/watch?v=O_bmmDWIjTc&t=601]
OpenAIのGPTsより凄い！無料で使えるDifyを徹底解説してみた,Q：difyで言語モデルを使うには何が必要ですか？,A：difyで言語モデルを使うには、各モデルのAPIキーを設定する必要があります。設定画面からAPIキーを登録することで、様々なモデルを利用できるようになります。[URL: https://www.youtube.com/watch?v=O_bmmDWIjTc&t=685]
OpenAIのGPTsより凄い！無料で使えるDifyを徹底解説してみた,Q：difyでチャットボットを作成する際、どのようなアプリタイプが選択できますか？,A：difyでは、チャットボット、テキストジェネレーター、エージェント、ワークフローの4つのアプリタイプを選択できます。[URL: https://www.youtube.com/watch?v=O_bmmDWIjTc&t=848]
OpenAIのGPTsより凄い！無料で使えるDifyを徹底解説してみた,Q：difyのチャットフローとは何ですか？,A：dif...